market,PreCOVID_SalePrice_AnnGrowth,COVID_SalePrice_AnnGrowth,PostCOVID_SalePrice_AnnGrowth,COVID_Deviation_Flag,Supply_Early_Growth,Supply_Late_Growth,Supply_Shift_Flag
Akron - OH,0.030732337353809758,0.11679393300166652,0.0012295186219664078,True,0.012865937569960462,0.009464206821783394,False
Albany - NY,0.049873105973962106,0.08904507155742936,-0.04704250100495033,False,0.016520564810169835,0.02080836824866439,False
Albuquerque - NM,0.05219851780361995,0.16353554566377837,-0.038139302136733555,True,0.005868241765165427,0.017237320009753754,True
Anchorage - AK,0.013715327327182614,0.10851529223144674,-0.03742701956731098,True,-0.0017269513031009653,0.0021227471935625353,True
Asheville - NC,0.07719217364589603,0.18165062304854285,-0.013201433932775841,True,0.05724359420949798,0.043957797509261765,False
Atlanta - GA,0.08082925908507455,0.1862350182455479,-0.032072166686270664,True,0.02350242326843066,0.04543899357232983,True
Augusta - GA,0.05900544112495143,0.15460164591392522,-0.026462562988093352,True,0.04594921296282872,0.04315559973761096,False
Austin - TX,0.06518229210540616,0.15210047181894581,-0.06496987589788006,True,0.05259369984584161,0.0830199211625191,True
Bakersfield - CA,0.05332015292810732,0.14642691100717786,-0.01397843242870822,True,0.015720443625695912,0.006922689506309698,False
Baltimore - MD,0.033047055879458886,0.12464481612615774,-0.04368182950305144,True,0.0069732459117766155,0.01623287409841101,True
Baton Rouge - LA,0.02606135102536733,0.1483787062795081,-0.023500722073761304,True,0.00951608236421686,0.024209506903133837,True
Beaumont - TX,0.04692694038880019,0.11688611090226697,-0.04680575051826741,True,0.02384553270206835,0.00657512415054784,False
Birmingham - AL,0.05181927724235136,0.10850331495026189,-0.04602968307422406,True,0.014333754459912473,0.016386003356342327,False
Boise - ID,0.08817549656992774,0.24539028821962683,-0.019679693661163067,True,0.08026977818478098,0.07631743862759865,False
Boston - MA,0.06126423610740006,0.11790634298160718,-0.015167050770245272,False,0.033444120506733066,0.028527326894237426,False
Brownsville-Harlingen - TX,0.03516896059325747,0.12072273196174721,-0.05619881149348238,True,0.01640822801823094,0.017918790642643456,False
Buffalo - NY,0.05656447264747011,0.08993417103637058,-0.01423355905760304,False,0.022053330914980185,0.018532512006355528,False
Canton - OH,0.04427064083341903,0.10186729933940075,-0.027128178011343373,True,0.010501629858878925,0.001474030681491989,False
Charleston - SC,0.07275284954906525,0.1573825582061108,-0.01728842839843725,True,0.06093637420970688,0.06476537608974442,False
Charlotte - NC,0.07149718611431699,0.170565897843731,-0.03303382146277689,True,0.05539795650127477,0.07111472581305911,False
Chattanooga - TN,0.060716220663721066,0.20320894744276363,-0.03298617136678694,True,0.02067319888410335,0.05807916802689217,True
Chicago - IL,0.043494028985334277,0.09746874200430766,-0.04139368736153193,True,0.014030145885597589,0.015525497707737035,False
Cincinnati - OH,0.05449509005799813,0.11055170046984197,0.000867718046963617,True,0.008714058523949353,0.025954054257954384,True
Cleveland - OH,0.044861372319764836,0.1024739926464373,-0.03484783371893796,True,0.008708291512839361,0.016844650798301553,True
Colorado Springs - CO,0.1087662798571285,0.19842739251306063,-0.014014778128586536,False,0.02042080262800461,0.07837549768640817,True
Columbia - SC,0.07097221991934033,0.16267527885975075,-0.013850339455109606,True,0.007192254635446593,0.01688476897297364,True
Columbus - OH,0.06868025656119925,0.1172345483641557,0.0041884128072413596,False,0.02770876729702132,0.03515443476513469,False
Corpus Christi - TX,0.0440179189507246,0.12495386862837066,-0.013884806627195156,True,0.01258303195629562,0.026445387447995072,True
Dallas-Fort Worth - TX,0.06935635448745336,0.1580058646469762,-0.045267108224888,True,0.033239098588913496,0.041072678083668546,False
Dayton - OH,0.05421812202172105,0.11292748861426816,-0.017769791119705336,True,0.0022911355269388256,0.01328771444841248,True
Daytona Beach - FL,0.06629242079380937,0.19953263378147845,-0.026669512703535125,True,0.08134216073113665,0.07289140988649123,False
Denver - CO,0.07145263909487465,0.12122594752201565,-0.03677023913916033,False,0.032348005308072025,0.04804994186038791,False
Des Moines - IA,0.04427666753746795,0.11933295249800513,-0.027911523990383214,True,0.0243930362941287,0.030500395460548058,False
Detroit - MI,0.06616467898297285,0.1369389535773775,-0.019862847667811434,True,0.012089803502557839,0.011166058725499584,False
Durham - NC,0.05575628717530434,0.1583582741702989,-0.024008926813349096,True,0.024675916791603525,0.048451005657763835,True
East Bay - CA,0.07618873314603336,0.08911993044238575,-0.07367449050184272,False,0.021609538592347377,0.017372470305356602,False
El Paso - TX,0.04362252053877458,0.17184342033415478,-0.03516409425424394,True,0.007848948033736036,0.013007801581635059,True
Fayetteville - NC,0.0544477238797374,0.22079096083313976,-0.012714748312495416,True,-0.0016557517252242526,0.02583276245734112,True
Flint - MI,0.06987275919113367,0.1541641820382409,-0.01830803862268937,True,0.005013332015092464,0.0046889029949295224,False
Fort Lauderdale - FL,0.057046414359829045,0.15617742656861822,-0.043294576761449544,True,0.03138284739067143,0.034708986501367445,False
Fort Myers - FL,0.09229158649678681,0.20828705407768133,-0.03189283772001672,True,0.12152924738709392,0.09204121600890369,False
Fort Wayne - IN,0.05829368174842964,0.12308676174927946,-0.019263436089212216,True,0.011433414314291568,0.033921581095368136,True
Fresno - CA,0.06664914766136643,0.16099385353824736,-0.01776815023351974,True,0.007829875375516826,0.011654423024116678,False
Grand Rapids - MI,0.07169337873556803,0.1484563187951098,-0.020229177168502144,True,0.03144699110546001,0.028267370066222375,False
Greensboro - NC,0.07252965323879712,0.17615090237139386,0.0006197175606363903,True,0.0167718026988688,0.02180759783127062,False
Greenville - SC,0.06555176091326032,0.14208953239125588,-0.005601376558289961,True,0.03254817973851698,0.052570307180465736,True
Gulfport-Biloxi-Pascagoula - MS,0.04146306188907545,0.1244689894115758,-0.021206272996780573,True,0.011271213916855372,0.012119438735805899,False
Harrisburg - PA,0.06065649346509594,0.12276477518739659,-0.023951369878601136,True,0.009822841208471544,0.03280639759043358,True
Hartford - CT,0.0399611732163212,0.14893414321798248,-0.014357146699507384,True,0.007827126729466727,0.01990418404531713,True
Honolulu - HI,0.04475215835027435,0.12284535678232955,-0.02321548672306517,True,0.011191341972582869,0.008930660210624719,False
Houston - TX,0.04629201800606819,0.11792066494289366,-0.04010792017174225,True,0.029907285467833056,0.032101008616655546,False
Huntsville - AL,0.08440914743690286,0.1779022682264575,-0.04069020520586997,True,0.0765016460423178,0.1425837900378375,True
Indianapolis - IN,0.06246200425666659,0.15339026358285257,0.007295753748054468,True,0.012756751005293943,0.03065841025525784,True
Inland Empire - CA,0.08247436402854214,0.18388776789948924,-0.03966729595016116,True,0.006615326502392271,0.019590040821496624,True
Jackson - MS,0.05374066585482762,0.11876344819860929,-0.03171546231670552,True,0.01995368458595692,0.0015771608797645609,False
Jacksonville - FL,0.07973918683790426,0.19260510868750358,-0.027017224045743138,True,0.036880929973058585,0.07483566540663555,True
Kansas City - MO,0.05535706553736386,0.12604032354145134,-0.012113710967958102,True,0.03237898922324245,0.029448679954027668,False
Killeen - TX,0.04275839254917613,0.1496933578618096,-0.02819081681175395,True,0.015368183576384364,0.04520116808048957,True
Knoxville - TN,0.07090401267659607,0.16803965955100586,0.0035827116789481916,True,0.035784201869037746,0.04084506265575816,False
Lafayette - LA,0.01830013362889682,0.08321174337585768,-0.040318665916807106,True,0.005419019321410312,0.03163153542783537,True
Lakeland - FL,0.06876387440924159,0.18498569983832303,-0.034050309015641655,True,0.07956352188469973,0.13513279586539473,True
Lancaster - PA,0.07587061264951145,0.13699515278776309,-0.03237909231656566,False,0.022540717844847125,0.026959510512016394,False
Lansing - MI,0.044602985157085495,0.13239795703029134,-0.03084909626773069,True,0.017305256410608427,0.005632681664274886,False
Las Vegas - NV,0.09674292428568165,0.1981275947804233,-0.016504563200725353,True,0.018707879832409846,0.028012136690753753,False
Lehigh Valley - PA,0.04862986732548147,0.12656222822001473,-0.01970204916433338,True,0.031397717614775056,0.021469867701951362,False
Lexington - KY,0.06111895848500537,0.14374008493572,0.0010061731056889567,True,0.014915596127564434,0.021530660854528927,False
Little Rock - AR,0.04449866639728106,0.13848236938646807,-0.030571523337392437,True,0.028341322570582417,0.010062115172270847,False
Long Island - NY,0.058947065074742344,0.11433397687406943,-0.049753999631790724,False,0.020714884671617195,0.02435118732274577,False
Los Angeles - CA,0.06829836206882667,0.1105936831050851,-0.058655473081050125,False,0.010943967486863437,0.009618486881102672,False
Louisville - KY,0.061024802603260486,0.1448848248592034,-0.004111022366260153,True,0.02448511201447734,0.03273078686619213,False
Madison - WI,0.059716710936247086,0.10202085224072821,-0.003191415080518012,False,0.03668089876127989,0.04673006769965138,False
Manchester - NH,0.06580029152242672,0.16633606986003624,-0.02645995617184571,True,0.010280518752203704,0.034545318724631624,True
McAllen - TX,0.028892991604651863,0.12104302791035537,-0.04586613497747816,True,0.0276962699945007,0.051931315153900925,True
Melbourne - FL,0.09988552193862898,0.1922114010427145,-0.007694238230378514,False,0.0484721515704698,0.07630601878174992,True
Memphis - TN,0.05997755391435011,0.1575292297916968,-0.02329668679395025,True,0.008253292032279091,0.017560450949041462,True
Miami - FL,0.06121969493004831,0.16433840182310533,0.006280275831945348,True,0.03449008313049284,0.04095859270500202,False
Milwaukee - WI,0.05330242471609559,0.08512903566009822,0.00638678995082298,False,0.019206743070990795,0.02623413617193715,False
Minneapolis - MN,0.05362092241500993,0.08899826882067985,-0.04698806050302606,False,0.044979255129184104,0.039715826565631884,False
Mobile - AL,0.05639703081200276,0.15965154954313432,-0.03845000014942024,True,0.00505963072240867,0.0023803490281304462,False
Modesto - CA,0.08894931672403894,0.14683690494899815,-0.04783525235389696,False,0.004182317285177151,0.006673162828137125,True
Montgomery - AL,0.027643478443010405,0.13207158292477006,0.010207903035641674,True,0.0,0.0027867988141796474,False
Myrtle Beach - SC,0.07153396218441466,0.182706058081342,-0.019732070677684677,True,0.12078276919521214,0.2111957852351265,True
Naples - FL,0.07973873922891084,0.19691965733847416,-0.004221244636382626,True,0.0946513202174053,0.06482124474413209,False
Nashville - TN,0.06715354643122029,0.1522993606848546,-0.013659461598633849,True,0.05319698006609541,0.0713982006033973,False
New Haven - CT,0.03872164324738603,0.10793463027959804,-0.030115224145485398,True,0.021596881502134124,0.029795417626626186,False
New Orleans - LA,0.046199563870877425,0.12637149680059023,0.01227022268788347,True,0.008938005671178528,0.002412308374095895,False
New York - NY,0.04914207849210772,0.07399911668283976,-0.06567744071289483,False,0.01529596517680698,0.016311598561197904,False
Norfolk - VA,0.05219335888327503,0.16176569822224973,-0.02192688178242508,True,0.016501390475344158,0.016683210836770046,False
Northern New Jersey - NJ,0.03878324778098041,0.11496136464473317,-0.029438963212918834,True,0.024523539296053665,0.037002375122285214,True
Northwest Arkansas - AR,0.061541815604537975,0.12401970038177468,0.007268405946876388,True,0.05207332499264039,0.05040369285976887,False
Ocala - FL,0.07698002255469927,0.15848308378395703,-0.00747688741855379,True,-0.0002532607359850836,0.15579817437211108,True
Ogden - UT,0.09647212017171669,0.1939402080295387,0.014663117650230761,True,0.08532652850162448,0.07658932310189104,False
Oklahoma City - OK,0.05501362930430975,0.13234303655958635,-0.02361420792268054,True,0.014398391023114021,0.01892744845848715,False
Omaha - NE,0.06439133342084236,0.11677040143050377,-0.031221281724568506,False,0.02166755118915198,0.02670743192941316,False
Orange County - CA,0.06683249627740717,0.1486477690749699,-0.040088632733543794,True,0.008523483800923382,0.008779376274394624,False
Orlando - FL,0.07939468907354486,0.1696370974023247,-0.03523853724393067,True,0.04605935005967865,0.0632458919121639,False
Palm Beach - FL,0.07435120214748148,0.19933477388100052,-0.01567651119946678,True,0.03550819780568237,0.03936873403939822,False
Pensacola - FL,0.08183771811978424,0.1711951918538157,-0.02963804752078414,True,0.06314016334092565,0.07357122143283301,False
Philadelphia - PA,0.04566365143821294,0.13997225884292863,-0.022064749349102963,True,0.021061563625961233,0.03365050181381113,True
Phoenix - AZ,0.09836464661339495,0.24200364474807157,-0.019281119240475153,True,0.03387796049419767,0.05540646076921729,True
Pittsburgh - PA,0.05477738349576744,0.1318298404336733,-0.045379881149738344,True,0.011496169640363485,0.013064853834921841,False
Port St. Lucie - FL,0.08562330267298379,0.14920131107023948,-0.011684565232060518,False,0.050663324505186624,0.14251392590739753,True
Portland - ME,0.0359752530176598,0.1333443316224585,-0.031302572963022524,True,0.02748682067784536,0.05825166424752792,True
Portland - OR,0.06706202206816148,0.12064617225663321,-0.05716915986457716,False,0.031096932991783177,0.02920630799463586,False
Poughkeepsie - NY,0.049319437591188064,0.11487169048486989,-0.03307608214264801,True,0.0023032089650201204,0.01713493850987846,True
Providence - RI,0.0640208599480998,0.15121950690170904,-0.03417659358240788,True,0.012646959640882471,0.01269787727720395,False
Provo - UT,0.06327739662470311,0.14796187035600705,-0.044101460567768314,True,0.06183597847450173,0.09780184888904797,True
Raleigh - NC,0.06186649021311119,0.1726770756992837,-0.018524171904064413,True,0.035262230767454605,0.07208394138681018,True
Reading - PA,0.048446299302793205,0.10605101158946462,-0.03252745133606738,True,0.0009300597248440567,0.013814554190484385,True
Reno - NV,0.09807370547041572,0.16382906627331661,-0.030115498224649984,False,0.028605919152931758,0.04513204710272056,True
Richmond - VA,0.059704110983751946,0.16208786950353682,-0.005777432162579754,True,0.03319690155565258,0.03890995368027328,False
Rochester - NY,0.060744581610745696,0.10271578674810788,-0.06106365981271544,False,0.010072063243207863,0.013747351631790528,False
Sacramento - CA,0.10195824043439083,0.1554599421877445,-0.05395405171046308,False,0.009570164880282617,0.02246051251332415,True
Saint Louis - MO,0.0505287899058946,0.13017792919849658,-0.03891925929690665,True,0.015279537915584784,0.02572101873038446,True
Salem - OR,0.08175484998632743,0.13288742414193688,-0.020265671902870097,False,0.03489907722543961,0.032048095937040166,False
Salinas - CA,0.07593037727539187,0.13116589558428116,-0.048815192184698986,False,0.0021861283367570206,0.0033439029000621456,True
Salisbury - MD,0.0379049368429174,0.07828272602948338,-0.024596830493350152,True,0.053977971884323184,0.09488391247371952,True
Salt Lake City - UT,0.07219871063636707,0.170636632304219,-0.025008078832298164,True,0.045065652421302005,0.05789796823871529,False
San Antonio - TX,0.041123901095824866,0.13912162342070622,-0.056704880300448735,True,0.024755717982616998,0.04842455517468092,True
San Diego - CA,0.06914252948306165,0.15096792818429572,-0.021385164977303917,True,0.01642070369540538,0.014798326021787211,False
San Francisco - CA,0.047496424733358245,0.032443590382050136,-0.08163934973664622,False,0.014472540486299534,0.009451419078164935,False
San Jose - CA,0.06486874439436896,0.08052335881380013,-0.03196643298705237,False,0.020255692858671903,0.017312598213313102,False
Santa Barbara - CA,0.06569224384720385,0.14110949079287805,-0.034859283654738005,True,0.017056262133041677,0.004813886165357495,False
Santa Rosa - CA,0.07738555747037767,0.1085681299252832,-0.053526975810605504,False,0.011673978939982232,0.02308702599369994,True
Sarasota - FL,0.06499980677302375,0.19114000328557768,-0.02923630614197048,True,0.060814440296727224,0.09837522353419548,True
Savannah - GA,0.05726314520371045,0.1577097881021794,-0.010835423486975082,True,0.03807133350321834,0.07306694390624213,True
Scranton - PA,0.025266892671906183,0.1335502960766628,-0.020751276130182794,True,0.008706053046092288,0.003800207232164343,False
Seattle - WA,0.07572866545068391,0.11752125941905112,-0.03943147079890841,False,0.031250589971260956,0.0304004961172899,False
Shreveport - LA,0.033664110323240015,0.0615790323776253,-0.03842720565099833,False,-0.003316215556074531,0.005568615645996644,True
Spokane - WA,0.0753986578467365,0.1537571924693375,-0.032003680616790375,True,0.03330851193447404,0.03875087839516511,False
Springfield - MA,0.04883045278760134,0.12541175562190032,-0.011718378807449192,True,0.0031219752788029798,0.006936155007823519,True
Springfield - MO,0.05101942831715589,0.12300744740097591,-0.029131081502341893,True,0.0167988582905112,0.02582787271407483,True
Stamford - CT,0.028090990243220926,0.10284015010484238,-0.0008421636235155239,True,0.03709634917435789,0.042832972909641054,False
Stockton - CA,0.0804690473136156,0.13361391537070122,-0.03181684229351145,False,0.014138900671587074,0.019194261637609067,False
Syracuse - NY,0.06327154213118247,0.13738988970253074,-0.02875391264917393,True,0.011039754568557214,0.010364543047767016,False
Tallahassee - FL,0.06355076933298309,0.1377277565894388,0.011457162504143081,True,0.017743050263530957,0.02725803945126004,True
Tampa - FL,0.07713285912805645,0.1843534690325206,-0.02759756277635561,True,0.03710799848268165,0.04242211279832753,False
Toledo - OH,0.03534924711978804,0.11435272128470908,-0.04773547572671877,True,0.012733134216606823,0.011551175162064498,False
Trenton - NJ,0.06637921869501873,0.11944113219032304,-0.026339377602087488,False,0.03782406185204601,0.016294036682067192,False
Tucson - AZ,0.08169333049519723,0.21743950212083485,-0.02514894830017056,True,0.01141802021864402,0.016074239970424564,False
Tulsa - OK,0.0370795387341909,0.14644414078750057,-0.0016652152484211147,True,0.009194495072308184,0.01727229679868114,True
Vallejo-Fairfield - CA,0.10646890013714083,0.13082783965050826,-0.04443699720724614,False,0.004443972564279086,0.018986584005600937,True
Ventura - CA,0.0663576500863261,0.15909283891439618,-0.00779004568121755,True,0.012653915389627013,0.012809224550292653,False
Visalia - CA,0.06109983825925491,0.1351625669977068,-0.034063001306396834,True,0.0,0.03971225116545507,False
Washington - DC,0.031013280552383726,0.08784473281625771,-0.049100733836078936,True,0.02380679854769685,0.02670180192465943,False
Wichita - KS,0.045762734379927617,0.09600719519564005,-0.018904246412451142,True,0.0033187687729077098,0.018232136016818945,True
Winston-Salem - NC,0.06561150897047363,0.16623186041023352,0.00800430653194395,True,0.006119274218785442,0.025710844751307027,True
Worcester - MA,0.05707534080904453,0.12352759325773977,-0.022893383874554085,True,0.01614324274066825,0.02584999088220097,True
York - PA,0.048626315416253396,0.14470049749024572,-0.02133304491643573,True,0.014105329056026017,0.05457749225507191,True
Youngstown - OH,0.029979637042529816,0.09960115994975394,-0.017877822239450336,True,0.00022072619185053988,-0.002452503541357842,True
