market,Empirical_Rank_5yr,Empirical_Rank_10yr,Summary_Sheet_Rank,Rank_Difference_5yr,Quadrant,Supply_Growth_5yr,UPP_Change_5yr,Absorption_Pressure,Trajectory_Score,Rank_1yr,Rank_10yr,Rent_Growth_1yr,Rent_Growth_5yr_Ann,Rent_Growth_10yr_Ann,COVID_Deviation_Flag,Supply_Shift_Flag,PreCOVID_SalePrice_AnnGrowth,COVID_SalePrice_AnnGrowth,absorption_pressure_rank,trajectory_score_rank,Combined_Score,Final_Rank
Lexington - KY,7.0,5.0,13.0,6.0,Q2_LowSupply_TightPerCap,0.0166218896728349,-0.0007649862527721,0.0104674155932245,-117.0,138.0,21.0,0.010509463890814,0.0286634916655645,0.0280351513629992,True,False,0.0611189584850053,0.14374008493572,2.0,1.0,4.800000000000001,1.0
Santa Barbara - CA,1.0,2.0,24.5,23.5,Q2_LowSupply_TightPerCap,0.0085873765564619,8.860541299401947e-05,-0.0018755260231384,-6.0,26.0,20.0,0.0242048208619594,0.0292165259592003,0.0280455796606542,True,False,0.0656922438472038,0.141109490792878,10.0,12.5,5.1,2.0
Inland Empire - CA,3.0,4.0,2.0,-1.0,Q2_LowSupply_TightPerCap,0.0436720291183907,-7.887919022735862e-05,0.0021712091591485,-8.0,13.0,5.0,0.026664741154968,0.0314923991589566,0.0306352901001432,True,True,0.0824743640285421,0.1838877678994892,7.0,10.0,5.2,3.0
Salinas - CA,2.0,1.0,19.0,17.0,Q2_LowSupply_TightPerCap,0.0065274151436032,8.011100140134508e-06,-0.0001746901694241,-6.0,14.0,8.0,0.0262394725007339,0.030355663545236,0.0292215145745744,False,True,0.0759303772753918,0.1311658955842811,9.0,12.5,5.5,4.0
Modesto - CA,5.0,6.0,21.5,16.5,Q2_LowSupply_TightPerCap,0.0063613995078917,-0.000303949565112,0.0102458118669825,-7.0,18.0,11.0,0.0257721361304263,0.0296644302255673,0.0284064865186781,False,True,0.0889493167240389,0.1468369049489981,3.0,11.0,5.800000000000001,5.0
San Diego - CA,4.0,3.0,15.0,11.0,Q2_LowSupply_TightPerCap,0.0409671487850757,0.0016763466126863,-0.0198663424546214,-99.0,101.0,2.0,0.0145386734755941,0.0316806041820105,0.0313322091067809,True,False,0.0691425294830616,0.1509679281842957,15.0,3.0,6.0,6.0
Poughkeepsie - NY,6.0,30.0,55.0,49.0,Q2_LowSupply_TightPerCap,0.0263566986998304,0.0007408347927605,-0.0208197554448867,28.0,7.0,35.0,0.0290285923523792,0.0304110031212949,0.0271766500270891,True,True,0.049319437591188,0.1148716904848698,16.0,22.0,11.2,7.5
Winston-Salem - NC,13.0,11.0,27.0,14.0,Q2_LowSupply_TightPerCap,0.0269095248920208,0.0002381723435787,-0.0048484846751339,-66.0,92.0,26.0,0.0152947098349096,0.0288129106199974,0.0277378740349598,True,True,0.0656115089704736,0.1662318604102335,11.0,6.0,11.2,7.5
Fresno - CA,14.0,13.0,17.0,3.0,Q2_LowSupply_TightPerCap,0.0116490460137317,-0.0009156541039594,0.0169597137342423,-5.0,23.0,18.0,0.0246174511462069,0.0291478053138694,0.0281624522174797,True,False,0.0666491476613664,0.1609938535382473,1.0,14.0,11.4,9.0
Ventura - CA,9.0,8.0,64.0,55.0,Q2_LowSupply_TightPerCap,0.0497516423650055,0.0018654298984511,-0.0416984433199003,-22.0,55.0,33.0,0.0211474337570383,0.0283495770004962,0.0273927322141889,True,False,0.0663576500863261,0.1590928389143961,23.0,9.0,11.8,10.0
Stockton - CA,19.0,16.0,6.0,-13.0,Q2_LowSupply_TightPerCap,0.0264506586867541,-0.000209886470608,0.006048127752235,-4.0,17.0,13.0,0.0258954134408744,0.029519429768019,0.0283906768184258,False,False,0.0804690473136156,0.1336139153707012,6.0,15.0,15.600000000000001,11.0
Springfield - MA,17.0,35.0,65.0,48.0,Q2_LowSupply_TightPerCap,0.0122368258415392,0.0002588190779069,-0.0066976181209494,22.0,6.0,28.0,0.0295528793427606,0.0308143160146701,0.0275261636142298,True,True,0.0488304527876013,0.1254117556219003,12.0,20.0,16.6,12.0
Gulfport-Biloxi-Pascagoula - MS,21.0,18.0,57.0,36.0,Q2_LowSupply_TightPerCap,0.0112453580208169,0.0005610416297364,-0.011874069820748,-50.0,73.0,23.0,0.0184972872183124,0.0295125420438477,0.0278640015372311,True,False,0.0414630618890754,0.1244689894115758,13.0,8.0,16.8,13.0
Seattle - WA,23.0,10.0,18.0,-5.0,Q1_HighSupply_TightPerCap,0.0654370274550035,0.0020368884592854,-0.0218522087003945,-100.0,109.0,9.0,0.0141044506337162,0.0288891575018876,0.0289475962412741,False,False,0.0757286654506839,0.1175212594190511,18.0,2.0,17.799999999999997,14.0
San Antonio - TX,24.0,39.0,4.0,-20.0,Q1_HighSupply_TightPerCap,0.0787513102838877,0.0016530845973031,-0.0209171918802166,-94.0,136.0,42.0,0.0109724597131575,0.0284483650052547,0.026817471341612,True,True,0.0411239010958248,0.1391216234207062,17.0,4.0,18.599999999999998,15.0
Manchester - NH,18.0,56.0,41.0,23.0,Q1_HighSupply_TightPerCap,0.0586009082941598,0.0022218676312215,-0.0387893100282965,17.0,49.0,66.0,0.0216502388198354,0.0285255629192744,0.0261455716592995,True,True,0.0658002915224267,0.1663360698600362,22.0,18.0,18.8,16.0
Providence - RI,20.0,57.0,34.0,14.0,Q2_LowSupply_TightPerCap,0.0416527452945763,0.0009893315170185,-0.02701512685165,27.0,37.0,64.0,0.0232947688342746,0.0288310149681434,0.0262416801862428,True,False,0.0640208599480998,0.151219506901709,20.0,21.0,20.2,17.0
Mobile - AL,31.0,26.0,82.0,51.0,Q2_LowSupply_TightPerCap,0.0067549551151009,-0.0003393189130519,0.006323269846072,-74.0,118.0,44.0,0.0132256341636141,0.0280378232321052,0.0267832042894591,True,False,0.0563970308120027,0.1596515495431343,5.0,5.0,20.599999999999998,18.0
Bakersfield - CA,27.0,19.0,29.0,2.0,Q2_LowSupply_TightPerCap,0.0238349885408708,-2.263609669160213e-05,0.0008097820413339,2.0,10.0,12.0,0.0277570394835631,0.0298053674987006,0.0284024139173357,True,False,0.0533201529281073,0.1464269110071778,8.0,16.0,21.0,19.0
Worcester - MA,22.0,66.0,44.0,22.0,Q2_LowSupply_TightPerCap,0.0500213115752299,0.0011661141503565,-0.0356649654394061,48.0,36.0,84.0,0.0233583307296698,0.0282457525660275,0.0255687610392294,True,True,0.0570753408090445,0.1235275932577397,21.0,23.0,22.0,20.0
Reading - PA,25.0,53.0,56.0,31.0,Q2_LowSupply_TightPerCap,0.0404257222073158,0.0006794583490461,-0.0268170260901448,14.0,34.0,48.0,0.0235867456832481,0.0292432011698791,0.0267263184124346,True,True,0.0484462993027932,0.1060510115894646,19.0,17.0,22.200000000000003,21.0
Salem - OR,30.0,48.0,26.0,-4.0,Q2_LowSupply_TightPerCap,0.0535496305814326,0.0012706476185288,-0.0186599072293145,19.0,15.0,34.0,0.0261495894104724,0.0285678880361002,0.027268914463675,False,False,0.0817548499863274,0.1328874241419368,14.0,19.0,24.6,22.0
Tallahassee - FL,40.0,38.0,30.0,-10.0,Q2_LowSupply_TightPerCap,0.0250916267268113,-0.0004756756284752,0.007855674689351,-52.0,98.0,46.0,0.014660152133882,0.0277708937174325,0.0267634059111507,True,True,0.063550769332983,0.1377277565894388,4.0,7.0,26.2,23.0
